"Geography Type","Year","Geography","Population - Total","Population - Age 0-17","Population - Age 18-29","Population - Age 30-39","Population - Age 40-49","Population - Age 50-59","Population - Age 60-69","Population - Age 70-79","Population - Age 80+","Population - Age 0-4","Population - Age 5-11","Population - Age 12-17","Population - Age 5+","Population - Age 18+","Population - Age 65+","Population - Female","Population - Male","Population - Latinx","Population - Asian Non-Latinx","Population - Black Non-Latinx","Population - White Non-Latinx","Population - Other Race Non-Latinx","Record ID"
"Citywide","2018","Chicago","2,705,988","548,999","552,935","456,321","336,457","312,965","262,991","155,334","79,986","168,114","204,152","175,475","2,537,874","2,156,989","349,712","1,386,113","1,319,875","776,661","179,841","784,266","899,980","119,467","Citywide-Chicago-2018"
"ZIP Code","2018","60601","14,675","820","4,606","2,792","2,190","1,333","1,340","1,272","322","550",,,"14,125","13,855","2,075","7,484","7,191","1,274",,,"9,677",,"ZIP_Code-60601-2018"
"ZIP Code","2018","60602","1,244","149","435","462","135","53","10","0","0","61",,,"1,183","1,095","5","551","693","81",,,"788",,"ZIP_Code-60602-2018"
"ZIP Code","2018","60603","1,174","56","561","101","97","197","97","65","0","13",,,"1,161","1,118","112","601","573","115",,,"707",,"ZIP_Code-60603-2018"
"ZIP Code","2018","60604","782","38","303","104","51","101","130","50","5","12",,,"770","744","93","413","369","34",,,"479",,"ZIP_Code-60604-2018"
"ZIP Code","2018","60605","27,519","2,260","8,103","6,316","3,567","3,344","2,455","1,204","270","837",,,"26,682","25,259","2,569","14,381","13,138","1,608",,,"15,781",,"ZIP_Code-60605-2018"
"ZIP Code","2018","60606","3,101","101","750","861","465","321","514","89","0","57",,,"3,044","3,000","431","1,599","1,502","195",,,"2,129",,"ZIP_Code-60606-2018"
"ZIP Code","2018","60607","29,591","3,350","11,384","7,522","3,048","1,981","1,321","632","353","1,660",,,"27,931","26,241","1,604","14,867","14,724","2,457",,,"15,440",,"ZIP_Code-60607-2018"
"ZIP Code","2018","60608","79,205","14,910","20,255","14,382","10,013","8,234","6,440","3,119","1,852","4,186",,,"75,019","64,295","7,852","35,360","43,845","40,146",,,"15,148",,"ZIP_Code-60608-2018"
"ZIP Code","2018","60609","61,495","16,600","12,450","8,451","7,324","7,061","5,176","3,378","1,055","4,820",,,"56,675","44,895","6,977","31,225","30,270","32,860",,,"9,172",,"ZIP_Code-60609-2018"
"ZIP Code","2018","60610","39,019","3,565","11,398","8,786","3,667","3,369","4,242","2,939","1,053","1,845",,,"37,174","35,454","6,029","21,145","17,874","2,601",,,"26,809",,"ZIP_Code-60610-2018"
"ZIP Code","2018","60611","32,426","1,638","7,544","7,215","2,478","3,937","4,785","3,267","1,562","892",,,"31,534","30,788","7,079","17,219","15,207","1,701",,,"23,167",,"ZIP_Code-60611-2018"
"ZIP Code","2018","60612","34,311","8,160","7,877","5,806","4,012","3,889","2,746","1,209","612","2,385",,,"31,926","26,151","3,136","17,631","16,680","4,206",,,"7,334",,"ZIP_Code-60612-2018"
"ZIP Code","2018","60613","50,113","5,793","14,643","12,674","5,748","4,958","3,187","1,880","1,230","2,555",,,"47,558","44,320","4,429","24,908","25,205","5,662",,,"36,600",,"ZIP_Code-60613-2018"
"ZIP Code","2018","60614","71,308","9,924","24,906","14,595","7,345","5,770","4,930","2,536","1,302","3,908",,,"67,400","61,384","6,179","35,363","35,945","4,317",,,"56,762",,"ZIP_Code-60614-2018"
"ZIP Code","2018","60615","41,563","6,673","11,046","6,725","4,549","4,288","4,323","2,506","1,453","2,006",,,"39,557","34,890","6,022","22,423","19,140","2,573",,,"10,984",,"ZIP_Code-60615-2018"
"ZIP Code","2018","60616","54,464","8,215","11,692","9,486","6,755","6,620","6,221","3,303","2,172","2,457",,,"52,007","46,249","8,683","28,657","25,807","4,600",,,"13,160",,"ZIP_Code-60616-2018"
"ZIP Code","2018","60617","82,534","21,337","14,040","8,927","10,660","10,625","7,611","5,733","3,601","5,105",,,"77,429","61,197","12,791","44,374","38,160","31,079",,,"5,215",,"ZIP_Code-60617-2018"
"ZIP Code","2018","60618","94,395","20,478","16,967","19,950","14,365","10,161","6,948","3,432","2,094","6,916",,,"87,479","73,917","8,526","46,244","48,151","38,152",,,"45,553",,"ZIP_Code-60618-2018"
"ZIP Code","2018","60619","61,258","13,004","9,237","7,612","6,708","9,315","8,378","3,953","3,051","3,911",,,"57,347","48,254","10,410","33,577","27,681","869",,,"854",,"ZIP_Code-60619-2018"
"ZIP Code","2018","60620","68,096","14,684","11,375","7,287","8,437","10,136","7,482","5,062","3,633","3,563",,,"64,533","53,412","11,842","38,095","30,001","911",,,"755",,"ZIP_Code-60620-2018"
"ZIP Code","2018","60621","29,042","7,810","5,183","3,250","2,926","4,073","2,897","1,739","1,164","2,504",,,"26,538","21,232","3,928","15,858","13,184","1,061",,,"320",,"ZIP_Code-60621-2018"
"ZIP Code","2018","60622","52,793","8,055","14,666","15,452","6,263","3,783","2,594","1,125","855","3,540",,,"49,253","44,738","3,119","25,577","27,216","11,579",,,"34,144",,"ZIP_Code-60622-2018"
"ZIP Code","2018","60623","85,979","26,387","15,945","12,798","10,170","9,008","6,621","3,450","1,600","6,801",,,"79,178","59,592","7,805","44,032","41,947","56,864",,,"2,508",,"ZIP_Code-60623-2018"
"ZIP Code","2018","60624","36,158","11,024","6,743","4,302","4,411","4,232","2,806","1,616","1,024","3,276",,,"32,882","25,134","3,922","19,252","16,906","1,915",,,"989",,"ZIP_Code-60624-2018"
"ZIP Code","2018","60625","79,243","15,820","15,783","16,649","11,120","8,508","6,399","2,813","2,151","5,981",,,"73,262","63,423","7,575","39,551","39,692","25,978",,,"36,086",,"ZIP_Code-60625-2018"
"ZIP Code","2018","60626","49,730","8,302","12,049","9,619","6,518","5,764","4,040","2,143","1,295","2,553",,,"47,177","41,428","5,031","25,148","24,582","10,252",,,"22,444",,"ZIP_Code-60626-2018"
"ZIP Code","2018","60628","66,724","15,513","11,827","7,029","8,502","8,953","7,216","4,984","2,700","4,153",,,"62,571","51,211","11,272","35,908","30,816","2,292",,,"1,281",,"ZIP_Code-60628-2018"
"ZIP Code","2018","60629","111,850","32,380","21,377","16,517","14,408","11,184","8,590","5,356","2,038","8,884",,,"102,966","79,470","11,127","57,035","54,815","79,432",,,"9,203",,"ZIP_Code-60629-2018"
"ZIP Code","2018","60630","57,344","11,913","7,773","8,847","7,381","8,978","6,351","3,422","2,679","3,527",,,"53,817","45,431","8,738","29,455","27,889","16,007",,,"32,184",,"ZIP_Code-60630-2018"
"ZIP Code","2018","60631","29,529","5,985","3,662","3,896","4,358","4,127","3,549","1,897","2,055","1,875",,,"27,654","23,544","5,469","15,265","14,264","3,152",,,"24,253",,"ZIP_Code-60631-2018"
"ZIP Code","2018","60632","91,039","26,881","17,407","13,371","11,676","9,069","6,795","4,009","1,831","7,048",,,"83,991","64,158","8,702","44,667","46,372","76,434",,,"7,996",,"ZIP_Code-60632-2018"
"ZIP Code","2018","60633","12,871","2,827","2,173","1,766","1,515","2,173","1,227","765","425","890",,,"11,981","10,044","1,676","6,085","6,786","5,790",,,"4,048",,"ZIP_Code-60633-2018"
"ZIP Code","2018","60634","75,995","16,581","11,044","11,242","10,440","10,766","8,425","4,638","2,859","5,026",,,"70,969","59,414","11,417","39,061","36,934","29,065",,,"41,060",,"ZIP_Code-60634-2018"
"ZIP Code","2018","60636","32,203","7,442","5,062","3,611","3,903","4,461","3,132","3,321","1,271","1,964",,,"30,239","24,761","6,194","16,978","15,225","2,472",,,"338",,"ZIP_Code-60636-2018"
"ZIP Code","2018","60637","47,454","11,552","11,606","5,984","4,834","5,367","4,549","2,253","1,309","3,182",,,"44,272","35,902","5,463","26,577","20,877","1,341",,,"6,858",,"ZIP_Code-60637-2018"
"ZIP Code","2018","60638","58,797","14,300","8,208","9,003","7,394","8,132","6,179","3,337","2,244","4,023",,,"54,774","44,497","8,239","29,764","29,033","30,440",,,"25,612",,"ZIP_Code-60638-2018"
"ZIP Code","2018","60639","90,517","24,573","16,203","13,873","12,852","10,387","7,660","3,539","1,430","6,633",,,"83,884","65,944","8,137","45,508","45,009","70,538",,,"6,104",,"ZIP_Code-60639-2018"
"ZIP Code","2018","60640","69,715","9,545","14,152","14,142","10,576","8,963","5,970","3,574","2,793","3,256",,,"66,459","60,170","8,987","34,101","35,614","9,939",,,"38,554",,"ZIP_Code-60640-2018"
"ZIP Code","2018","60641","71,023","15,849","11,820","12,054","9,928","9,061","7,206","3,177","1,928","4,627",,,"66,396","55,174","7,905","36,182","34,841","38,350",,,"26,008",,"ZIP_Code-60641-2018"
"ZIP Code","2018","60642","20,201","2,331","6,707","5,581","2,200","1,416","1,110","585","271","999",,,"19,202","17,870","1,322","10,092","10,109","4,074",,,"12,126",,"ZIP_Code-60642-2018"
"ZIP Code","2018","60643","49,870","11,082","6,126","5,627","6,451","8,105","5,905","3,706","2,868","3,134",,,"46,736","38,788","9,153","27,232","22,638","1,649",,,"10,138",,"ZIP_Code-60643-2018"
"ZIP Code","2018","60644","47,712","12,336","9,394","5,857","5,261","6,048","4,851","2,517","1,448","3,623",,,"44,089","35,376","6,201","25,669","22,043","3,068",,,"1,392",,"ZIP_Code-60644-2018"
"ZIP Code","2018","60645","47,732","12,906","7,091","6,952","5,824","5,468","5,064","2,621","1,806","4,329",,,"43,403","34,826","6,564","23,992","23,740","8,127",,,"21,481",,"ZIP_Code-60645-2018"
"ZIP Code","2018","60646","27,987","6,000","3,377","3,458","3,787","4,086","3,238","2,108","1,933","1,802",,,"26,185","21,987","5,732","14,765","13,222","3,971",,,"20,315",,"ZIP_Code-60646-2018"
"ZIP Code","2018","60647","87,509","16,298","22,356","20,993","11,055","7,700","5,309","2,695","1,103","5,924",,,"81,585","71,211","6,224","43,182","44,327","39,226",,,"38,809",,"ZIP_Code-60647-2018"
"ZIP Code","2018","60649","46,024","10,493","7,505","6,417","5,950","5,706","5,593","2,807","1,553","3,215",,,"42,809","35,531","6,570","26,852","19,172","1,183",,,"1,315",,"ZIP_Code-60649-2018"
"ZIP Code","2018","60651","63,218","17,329","11,457","8,910","7,649","7,391","5,787","3,359","1,336","4,780",,,"58,438","45,889","7,220","34,084","29,134","26,860",,,"2,623",,"ZIP_Code-60651-2018"
"ZIP Code","2018","60652","43,907","11,679","7,185","5,764","6,105","6,065","4,062","1,897","1,150","2,769",,,"41,138","32,228","4,740","23,123","20,784","17,479",,,"4,472",,"ZIP_Code-60652-2018"
"ZIP Code","2018","60653","31,972","8,912","4,760","4,635","4,404","3,369","3,233","1,547","1,112","2,632",,,"29,340","23,060","4,122","18,269","13,703","689",,,"1,374",,"ZIP_Code-60653-2018"
"ZIP Code","2018","60654","19,135","1,611","5,273","5,645","2,508","2,217","1,231","489","161","1,164",,,"17,971","17,524","1,127","9,381","9,754","997",,,"14,124",,"ZIP_Code-60654-2018"
"ZIP Code","2018","60655","28,804","7,015","4,153","3,686","3,798","4,366","3,278","1,582","926","2,026",,,"26,778","21,789","3,731","14,928","13,876","2,390",,,"23,795",,"ZIP_Code-60655-2018"
"ZIP Code","2018","60656","27,579","4,947","3,690","4,934","3,623","3,805","3,208","2,115","1,257","1,697",,,"25,882","22,632","4,637","13,587","13,992","3,382",,,"21,053",,"ZIP_Code-60656-2018"
"ZIP Code","2018","60657","70,052","8,438","23,899","17,032","7,053","5,646","4,288","2,099","1,597","3,808",,,"66,244","61,614","5,618","34,638","35,414","4,901",,,"56,392",,"ZIP_Code-60657-2018"
"ZIP Code","2018","60659","41,068","10,154","7,449","6,165","5,198","5,372","3,730","2,043","957","2,847",,,"38,221","30,914","4,603","20,037","21,031","7,880",,,"16,363",,"ZIP_Code-60659-2018"
"ZIP Code","2018","60660","43,242","5,045","10,237","8,402","5,742","5,475","4,709","2,347","1,285","1,891",,,"41,351","38,197","5,741","21,705","21,537","7,728",,,"22,313",,"ZIP_Code-60660-2018"
"ZIP Code","2018","60661","9,926","683","3,772","3,229","1,227","623","369","23","0","447",,,"9,479","9,243","217","4,817","5,109","640",,,"5,091",,"ZIP_Code-60661-2018"
"ZIP Code","2018","60666","0","0","0","0","0","0","0","0","0","0",,,"0","0","0","0","0","0",,,"0",,"ZIP_Code-60666-2018"
"ZIP Code","2018","60707","43,019","9,285","6,546","5,958","5,818","6,006","5,111","2,582","1,713","2,292",,,"40,727","33,734","6,745","22,267","20,752","16,505",,,"20,677",,"ZIP_Code-60707-2018"
"ZIP Code","2018","60827","28,577","8,345","4,822","3,415","3,957","3,569","2,879","1,196","394","2,591",,,"25,986","20,232","2,763","15,666","12,911","1,222",,,"760",,"ZIP_Code-60827-2018"
"Citywide","2019","Chicago","2,693,959","555,424","526,788","469,300","340,219","294,864","261,009","157,790","88,565","162,797","210,448","180,859","2,531,162","2,138,535","362,629","1,382,528","1,311,431","776,290","184,768","768,524","901,941","62,436","Citywide-Chicago-2019"
"ZIP Code","2019","60601","15,083","880","5,207","2,796","2,090","970","1,733","1,154","253","426","237","199","14,657","14,203","2,109","8,054","7,029","1,224","2,859","638","9,939","423","ZIP_Code-60601-2019"
"ZIP Code","2019","60602","1,145","149","207","527","180","66","16","0","0","56","91","0","1,089","996","6","506","639","74","245","49","680","97","ZIP_Code-60602-2019"
"ZIP Code","2019","60603","1,052","16","498","131","76","174","85","72","0","5","0","11","1,047","1,036","120","529","523","34","337","34","640","7","ZIP_Code-60603-2019"
"ZIP Code","2019","60604","823","36","325","159","55","91","103","45","9","10","7","19","813","787","72","431","392","28","240","41","514","0","ZIP_Code-60604-2019"
"ZIP Code","2019","60605","29,060","2,411","8,519","7,270","3,621","3,180","2,165","1,445","449","1,047","966","390","28,013","26,649","2,923","15,928","13,132","2,185","4,377","4,270","16,865","1,363","ZIP_Code-60605-2019"
"ZIP Code","2019","60606","3,287","119","660","1,096","483","342","479","108","0","75","44","0","3,212","3,168","378","1,606","1,681","188","667","58","2,206","168","ZIP_Code-60606-2019"
"ZIP Code","2019","60607","29,293","3,141","11,280","7,216","3,107","2,154","1,403","651","341","1,317","1,257","542","27,976","26,152","1,544","14,563","14,730","2,151","6,304","4,168","15,719","951","ZIP_Code-60607-2019"
"ZIP Code","2019","60608","80,059","14,812","20,455","14,507","10,292","8,176","6,705","3,266","1,846","4,318","6,021","4,449","75,741","65,247","7,939","35,599","44,460","38,984","9,914","13,326","16,955","880","ZIP_Code-60608-2019"
"ZIP Code","2019","60609","60,939","15,773","12,444","8,167","7,597","6,735","5,442","3,723","1,058","4,648","6,112","4,998","56,291","45,166","7,373","30,782","30,157","32,291","3,792","15,015","9,232","609","ZIP_Code-60609-2019"
"ZIP Code","2019","60610","40,548","3,716","11,990","9,127","3,566","3,454","4,325","3,148","1,222","1,670","997","1,041","38,878","36,832","6,537","21,529","19,019","2,526","3,532","5,880","27,468","1,142","ZIP_Code-60610-2019"
"ZIP Code","2019","60611","33,224","1,856","7,778","7,168","2,693","4,066","4,806","3,344","1,513","965","445","446","32,259","31,368","7,142","17,716","15,508","1,573","6,156","967","23,769","759","ZIP_Code-60611-2019"
"ZIP Code","2019","60612","33,735","7,837","7,330","5,921","4,020","3,695","2,842","1,363","727","2,255","2,832","2,431","31,480","25,898","3,325","17,781","15,954","4,056","1,449","19,873","7,629","728","ZIP_Code-60612-2019"
"ZIP Code","2019","60613","50,761","5,885","14,036","13,315","5,534","5,059","3,409","2,080","1,443","2,726","1,981","1,178","48,035","44,876","4,904","25,108","25,653","5,645","3,491","2,985","37,074","1,566","ZIP_Code-60613-2019"
"ZIP Code","2019","60614","71,954","10,115","24,583","14,628","7,458","5,728","5,230","2,735","1,477","3,738","3,678","2,638","68,216","61,839","6,729","35,273","36,681","4,438","5,218","3,016","57,117","2,165","ZIP_Code-60614-2019"
"ZIP Code","2019","60615","40,590","6,219","10,400","6,495","4,407","4,266","4,536","2,621","1,646","2,054","2,323","1,842","38,536","34,371","6,411","22,464","18,126","2,220","3,448","21,960","11,148","1,814","ZIP_Code-60615-2019"
"ZIP Code","2019","60616","54,197","7,829","11,557","8,634","7,107","7,319","6,256","3,243","2,252","2,095","2,782","2,923","52,102","46,368","8,636","28,388","25,809","4,569","21,379","12,694","14,418","1,137","ZIP_Code-60616-2019"
"ZIP Code","2019","60617","83,553","22,163","14,558","8,990","10,282","10,804","7,459","5,638","3,659","5,372","8,092","8,699","78,181","61,390","12,578","45,646","37,907","31,048","220","46,967","4,934","384","ZIP_Code-60617-2019"
"ZIP Code","2019","60618","94,907","20,662","16,885","20,317","14,662","9,723","6,847","3,814","1,997","6,642","8,411","5,570","88,265","74,245","8,699","47,171","47,736","38,208","5,757","2,408","45,593","2,941","ZIP_Code-60618-2019"
"ZIP Code","2019","60619","61,207","12,737","9,612","7,647","6,791","9,186","8,006","4,051","3,177","3,861","4,870","4,002","57,346","48,470","10,458","33,573","27,634","804","145","58,412","903","943","ZIP_Code-60619-2019"
"ZIP Code","2019","60620","67,711","15,359","10,807","7,456","8,139","9,801","7,622","5,110","3,417","3,914","5,860","5,585","63,797","52,352","11,975","37,282","30,429","1,246","276","64,588","847","754","ZIP_Code-60620-2019"
"ZIP Code","2019","60621","28,018","7,506","4,822","3,148","2,806","3,819","3,002","1,793","1,122","2,387","2,964","2,151","25,631","20,512","3,969","14,898","13,120","891","68","26,517","289","253","ZIP_Code-60621-2019"
"ZIP Code","2019","60622","53,294","7,684","14,300","15,850","6,692","3,993","2,626","1,236","913","3,536","2,437","1,708","49,758","45,610","3,275","25,366","27,928","12,207","2,335","3,150","34,207","1,395","ZIP_Code-60622-2019"
"ZIP Code","2019","60623","81,283","23,403","15,040","12,147","9,672","8,570","6,534","4,516","1,401","6,073","9,735","7,595","75,210","57,880","8,645","41,033","40,250","54,297","80","24,101","2,366","439","ZIP_Code-60623-2019"
"ZIP Code","2019","60624","34,892","10,189","6,449","4,158","4,122","3,967","3,369","1,585","1,053","2,839","4,268","3,074","32,053","24,703","4,038","18,344","16,548","1,773","53","31,436","1,109","521","ZIP_Code-60624-2019"
"ZIP Code","2019","60625","79,444","15,998","14,847","17,078","11,236","8,505","6,608","3,005","2,167","5,762","5,896","4,285","73,682","63,446","8,057","40,178","39,266","25,483","10,658","3,599","36,289","3,415","ZIP_Code-60625-2019"
"ZIP Code","2019","60626","50,544","8,949","12,083","9,436","6,774","5,958","3,966","1,959","1,419","2,851","3,615","2,397","47,693","41,595","4,957","25,646","24,898","9,906","2,712","13,410","22,592","1,924","ZIP_Code-60626-2019"
"ZIP Code","2019","60628","64,254","14,482","11,307","7,139","7,957","8,359","7,303","4,771","2,936","3,945","5,447","5,085","60,309","49,772","11,046","34,294","29,960","2,267","135","59,478","1,333","1,041","ZIP_Code-60628-2019"
"ZIP Code","2019","60629","110,029","31,655","21,216","15,007","14,724","11,187","8,119","6,041","2,080","8,901","11,658","11,095","101,128","78,374","11,593","56,206","53,823","78,826","582","21,116","8,463","1,042","ZIP_Code-60629-2019"
"ZIP Code","2019","60630","56,433","11,266","7,717","8,800","7,969","8,263","6,654","3,340","2,424","3,111","4,526","3,621","53,322","45,167","8,687","28,985","27,448","16,066","6,177","831","31,403","1,956","ZIP_Code-60630-2019"
"ZIP Code","2019","60631","29,529","5,864","3,630","4,016","3,914","4,447","3,717","1,794","2,147","2,066","2,248","1,550","27,463","23,665","5,573","15,197","14,332","3,500","1,031","269","23,763","966","ZIP_Code-60631-2019"
"ZIP Code","2019","60632","89,857","25,874","17,624","12,751","11,240","9,063","6,797","4,774","1,734","6,734","10,103","9,037","83,123","63,983","9,384","43,856","46,001","74,575","6,176","1,034","7,652","420","ZIP_Code-60632-2019"
"ZIP Code","2019","60633","12,689","2,781","1,909","1,787","1,480","1,943","1,286","975","528","710","805","1,257","11,979","9,908","2,089","6,044","6,645","6,038","0","2,955","3,654","42","ZIP_Code-60633-2019"
"ZIP Code","2019","60634","75,082","16,271","10,415","11,160","10,302","10,919","8,529","4,761","2,725","4,508","6,182","5,573","70,574","58,811","11,445","38,764","36,318","28,812","4,121","1,073","40,322","754","ZIP_Code-60634-2019"
"ZIP Code","2019","60636","30,024","6,693","4,672","3,304","3,432","3,969","3,019","3,746","1,189","1,859","2,461","2,373","28,165","23,331","6,321","16,097","13,927","2,823","24","26,359","441","377","ZIP_Code-60636-2019"
"ZIP Code","2019","60637","47,300","11,114","11,975","5,877","4,931","5,254","4,636","2,183","1,330","3,022","4,169","3,813","44,278","36,186","5,588","26,629","20,671","1,543","2,218","35,425","6,966","1,148","ZIP_Code-60637-2019"
"ZIP Code","2019","60638","58,669","14,545","7,924","8,989","7,264","7,874","6,506","3,398","2,169","3,884","5,542","5,119","54,785","44,124","8,240","29,443","29,226","29,543","311","2,177","26,016","622","ZIP_Code-60638-2019"
"ZIP Code","2019","60639","88,204","23,036","15,550","13,440","12,571","10,179","8,034","3,780","1,614","6,161","9,273","7,600","82,043","65,168","8,698","44,143","44,061","68,792","1,124","10,828","6,628","832","ZIP_Code-60639-2019"
"ZIP Code","2019","60640","69,363","9,048","14,021","15,071","10,179","8,372","6,017","3,545","3,110","2,910","3,768","2,323","66,453","60,315","9,319","33,290","36,073","9,772","7,411","11,484","38,787","1,909","ZIP_Code-60640-2019"
"ZIP Code","2019","60641","69,880","15,420","10,959","11,809","10,150","8,899","7,444","3,286","1,913","4,385","5,936","5,075","65,495","54,460","8,121","35,575","34,305","38,120","3,208","1,429","25,014","2,109","ZIP_Code-60641-2019"
"ZIP Code","2019","60642","19,716","1,839","6,660","5,777","2,209","1,378","1,149","484","220","916","581","342","18,800","17,877","1,175","9,427","10,289","3,202","1,427","1,962","12,534","591","ZIP_Code-60642-2019"
"ZIP Code","2019","60643","48,887","10,830","5,760","5,903","5,640","7,757","6,766","3,341","2,890","2,989","3,560","4,254","45,898","38,057","9,169","26,875","22,012","1,509","139","35,352","10,446","1,441","ZIP_Code-60643-2019"
"ZIP Code","2019","60644","46,591","12,104","8,152","5,982","5,530","5,631","5,072","2,507","1,613","3,337","4,801","3,963","43,254","34,487","6,470","24,672","21,919","3,194","103","41,158","1,781","355","ZIP_Code-60644-2019"
"ZIP Code","2019","60645","47,270","12,801","7,047","6,555","6,026","5,847","4,682","2,478","1,834","4,422","4,648","3,717","42,848","34,469","6,345","23,525","23,745","8,312","8,373","7,200","21,103","2,282","ZIP_Code-60645-2019"
"ZIP Code","2019","60646","28,569","6,507","3,187","3,464","3,915","3,779","3,546","2,231","1,940","1,801","2,422","2,284","26,768","22,062","5,914","15,310","13,259","4,300","2,771","286","20,625","587","ZIP_Code-60646-2019"
"ZIP Code","2019","60647","87,633","15,892","22,226","21,408","11,447","7,438","5,301","2,800","1,121","5,848","5,377","4,637","81,785","71,741","6,315","43,228","44,405","37,622","3,019","4,268","40,544","2,180","ZIP_Code-60647-2019"
"ZIP Code","2019","60649","46,633","10,399","7,662","7,040","6,036","5,582","5,548","2,849","1,517","3,122","3,913","3,359","43,511","36,234","6,723","26,590","20,043","1,189","148","43,366","1,234","696","ZIP_Code-60649-2019"
"ZIP Code","2019","60651","63,492","17,077","11,299","9,175","8,027","7,257","5,959","3,196","1,502","4,563","6,594","5,906","58,929","46,415","7,500","34,216","29,276","27,245","295","32,223","2,799","930","ZIP_Code-60651-2019"
"ZIP Code","2019","60652","43,447","11,360","7,017","5,397","6,166","6,133","4,153","2,034","1,187","2,695","4,731","3,933","40,752","32,087","5,061","23,006","20,441","18,027","429","19,747","4,183","1,061","ZIP_Code-60652-2019"
"ZIP Code","2019","60653","33,154","9,162","5,169","4,760","4,211","3,680","3,352","1,842","978","2,902","3,319","2,923","30,252","23,992","4,239","18,812","14,342","913","418","29,379","1,624","820","ZIP_Code-60653-2019"
"ZIP Code","2019","60654","20,022","1,463","5,555","5,971","2,723","2,090","1,477","539","204","973","404","86","19,049","18,559","1,330","9,979","10,043","1,156","2,851","1,070","14,365","580","ZIP_Code-60654-2019"
"ZIP Code","2019","60655","28,569","7,025","4,090","3,459","3,862","4,305","3,293","1,583","952","1,922","2,689","2,414","26,647","21,544","3,648","14,627","13,942","2,586","436","1,836","23,377","334","ZIP_Code-60655-2019"
"ZIP Code","2019","60656","28,218","5,241","3,628","5,206","3,587","3,756","3,230","2,244","1,326","1,878","1,902","1,461","26,340","22,977","4,968","13,796","14,422","3,768","2,372","327","21,089","662","ZIP_Code-60656-2019"
"ZIP Code","2019","60657","70,958","8,951","23,709","17,072","7,136","5,847","4,529","2,158","1,556","3,875","3,048","2,028","67,083","62,007","5,702","35,306","35,652","5,385","4,887","2,085","56,603","1,998","ZIP_Code-60657-2019"
"ZIP Code","2019","60659","42,735","11,218","6,875","6,767","5,499","5,173","3,984","2,231","988","3,272","4,435","3,503","39,463","31,517","5,103","21,244","21,491","8,873","11,861","3,453","16,070","2,478","ZIP_Code-60659-2019"
"ZIP Code","2019","60660","44,498","5,361","10,768","8,716","5,623","5,616","4,552","2,422","1,440","2,009","2,166","1,138","42,489","39,137","5,942","22,027","22,471","7,614","6,000","5,937","23,247","1,700","ZIP_Code-60660-2019"
"ZIP Code","2019","60661","10,354","917","3,386","3,459","1,430","658","409","58","37","492","292","133","9,862","9,437","332","5,173","5,181","641","2,950","429","6,027","307","ZIP_Code-60661-2019"
"ZIP Code","2019","60666","0","0","0","0","0","0","0","0","0","0","0","0","0","0","0","0","0","0","0","0","0","0","ZIP_Code-60666-2019"
"ZIP Code","2019","60707","43,093","8,982","6,752","5,495","6,005","6,181","5,269","2,826","1,583","2,331","3,726","2,925","40,762","34,111","6,979","22,556","20,537","16,862","1,533","2,981","20,783","934","ZIP_Code-60707-2019"
"ZIP Code","2019","60827","28,483","8,229","5,017","3,329","4,095","3,389","2,758","1,177","489","2,578","3,115","2,530","25,905","20,254","2,859","16,017","12,466","1,486","39","25,575","848","535","ZIP_Code-60827-2019"
"Citywide","2020","Chicago","2,699,347","552,668","548,747","463,143","336,591","313,865","255,435","145,426","83,472","165,844","207,791","177,949","2,533,503","2,146,679","342,174","1,388,469","1,310,878","772,791","182,251","776,470","900,055","67,780","Citywide-Chicago-2020"
"ZIP Code","2020","60601","14,513","825","4,696","3,048","1,815","809","1,974","1,070","276","275","410","120","14,238","13,688","2,605","7,894","6,619","1,242","3,528","679","8,614","450","ZIP_CODE-60601-2020"
"ZIP Code","2020","60602","1,596","115","332","860","191","81","17","0","0","49","66","0","1,547","1,481","4","744","852","120","435","37","794","210","ZIP_CODE-60602-2020"
"ZIP Code","2020","60603","1,186","15","423","248","68","176","146","91","19","3","3","9","1,183","1,171","198","560","626","62","397","29","692","6","ZIP_CODE-60603-2020"
"ZIP Code","2020","60604","729","5","313","171","30","77","89","36","8","0","0","5","729","724","65","441","288","23","127","72","507","0","ZIP_CODE-60604-2020"
"ZIP Code","2020","60605","30,950","2,608","8,678","8,486","3,408","3,377","2,282","1,702","409","1,359","964","276","29,591","28,342","3,154","16,330","14,620","2,232","5,648","4,272","17,704","1,094","ZIP_CODE-60605-2020"
"ZIP Code","2020","60606","3,204","96","709","1,169","475","373","264","118","0","63","33","0","3,141","3,108","301","1,679","1,525","152","1,037","50","1,835","130","ZIP_CODE-60606-2020"
"ZIP Code","2020","60607","30,306","3,362","11,381","7,946","3,004","2,194","1,315","561","543","1,679","1,100","551","28,627","26,944","1,609","14,910","15,396","2,768","6,415","3,878","16,068","1,177","ZIP_CODE-60607-2020"
"ZIP Code","2020","60608","80,011","14,068","20,182","15,269","10,053","8,276","7,137","3,407","1,619","3,964","5,777","4,308","76,047","65,943","8,420","35,434","44,577","37,287","11,310","13,763","16,527","1,124","ZIP_CODE-60608-2020"
"ZIP Code","2020","60609","60,551","15,379","11,640","8,023","8,382","6,892","5,364","3,810","1,061","4,004","6,189","5,172","56,547","45,172","7,675","30,569","29,982","31,898","4,332","14,380","9,321","620","ZIP_CODE-60609-2020"
"ZIP Code","2020","60610","40,954","3,385","12,949","8,874","3,303","3,753","4,522","2,975","1,193","1,292","1,049","1,036","39,662","37,569","6,136","21,419","19,535","2,316","4,169","5,120","27,733","1,616","ZIP_CODE-60610-2020"
"ZIP Code","2020","60611","33,937","2,127","8,405","6,959","3,061","4,126","4,435","3,468","1,356","1,000","641","486","32,937","31,810","7,036","18,054","15,883","1,946","7,015","957","23,261","758","ZIP_CODE-60611-2020"
"ZIP Code","2020","60612","32,240","6,760","6,933","5,287","4,255","3,855","3,051","1,393","706","1,793","2,594","2,042","30,447","25,480","3,448","17,225","15,015","4,749","1,518","17,357","7,634","982","ZIP_CODE-60612-2020"
"ZIP Code","2020","60613","51,399","6,285","14,297","13,342","5,915","4,930","3,289","2,065","1,276","2,879","2,157","1,249","48,520","45,114","4,670","26,339","25,060","6,166","3,413","3,170","36,979","1,671","ZIP_CODE-60613-2020"
"ZIP Code","2020","60614","72,391","10,603","24,659","14,106","7,173","6,262","5,552","2,726","1,310","3,479","4,043","3,031","68,912","61,788","6,427","36,172","36,219","4,456","5,249","2,678","57,985","2,023","ZIP_CODE-60614-2020"
"ZIP Code","2020","60615","41,198","6,110","11,393","6,135","4,195","4,609","4,863","2,440","1,453","2,016","2,176","1,918","39,182","35,088","6,131","22,639","18,559","2,258","3,373","21,733","11,747","2,087","ZIP_CODE-60615-2020"
"ZIP Code","2020","60616","52,557","7,134","11,280","8,908","6,237","7,390","6,164","2,968","2,476","2,258","2,360","2,487","50,299","45,423","8,787","27,430","25,127","4,029","20,303","12,577","14,378","1,270","ZIP_CODE-60616-2020"
"ZIP Code","2020","60617","82,101","20,843","13,979","9,578","10,027","10,431","8,133","5,569","3,541","4,898","7,579","8,366","77,203","61,258","13,343","45,093","37,008","31,311","194","45,210","4,830","556","ZIP_CODE-60617-2020"
"ZIP Code","2020","60618","94,646","20,813","16,088","20,651","14,846","9,977","6,466","4,014","1,791","7,002","7,973","5,785","87,644","73,833","8,360","47,492","47,154","37,188","6,237","2,208","45,370","3,643","ZIP_CODE-60618-2020"
"ZIP Code","2020","60619","61,372","12,667","9,118","7,547","6,800","9,223","8,048","4,472","3,497","3,457","4,505","4,702","57,915","48,705","11,362","34,416","26,956","1,050","173","58,359","613","1,177","ZIP_CODE-60619-2020"
"ZIP Code","2020","60620","68,761","16,203","10,753","7,954","8,243","9,215","7,759","5,081","3,553","4,177","6,390","5,636","64,584","52,558","12,360","37,732","31,029","1,680","233","65,198","797","853","ZIP_CODE-60620-2020"
"ZIP Code","2020","60621","26,736","7,157","4,311","2,784","2,662","3,654","3,236","1,580","1,352","2,442","2,644","2,064","24,294","19,579","4,145","14,588","12,148","908","131","24,744","389","564","ZIP_CODE-60621-2020"
"ZIP Code","2020","60622","52,957","7,103","14,013","16,274","6,717","3,990","2,471","1,373","1,016","3,220","2,199","1,670","49,737","45,854","3,572","26,139","26,818","11,265","2,401","2,833","34,127","2,331","ZIP_CODE-60622-2020"
"ZIP Code","2020","60623","77,732","20,657","14,285","11,701","9,476","8,424","6,855","4,615","1,719","5,313","8,361","6,983","72,419","57,075","9,465","39,368","38,364","51,970","213","22,214","2,989","346","ZIP_CODE-60623-2020"
"ZIP Code","2020","60624","35,054","9,336","6,757","4,366","4,094","4,253","3,516","1,640","1,092","2,729","3,849","2,748","32,325","25,718","4,204","18,277","16,777","2,589","48","30,583","1,176","658","ZIP_CODE-60624-2020"
"ZIP Code","2020","60625","78,820","15,832","14,588","17,768","10,967","8,363","6,687","2,691","1,924","5,366","5,826","4,584","73,454","62,988","7,303","40,253","38,567","25,957","9,250","3,504","36,492","3,617","ZIP_CODE-60625-2020"
"ZIP Code","2020","60632","86,715","23,661","17,253","12,227","10,482","9,650","6,839","4,795","1,808","6,266","9,150","8,244","80,449","63,054","9,356","41,922","44,793","71,914","5,774","936","7,721","370","ZIP_CODE-60632-2020"
"ZIP Code","2020","60633","12,720","2,785","1,929","1,958","1,374","2,099","1,156","927","492","639","1,100","1,036","12,081","9,935","1,945","6,373","6,347","5,605","0","3,268","3,817","30","ZIP_CODE-60633-2020"
"ZIP Code","2020","60634","75,604","15,430","10,876","10,909","10,921","11,400","7,989","5,382","2,697","3,927","5,624","5,871","71,677","60,174","11,221","38,951","36,653","29,667","3,881","1,441","39,825","790","ZIP_CODE-60634-2020"
"ZIP Code","2020","60636","30,039","6,809","4,911","3,142","3,505","3,903","2,919","3,563","1,287","1,786","2,584","2,439","28,253","23,230","6,067","16,370","13,669","3,428","24","25,679","395","513","ZIP_CODE-60636-2020"
"ZIP Code","2020","60637","46,621","10,666","11,532","5,997","4,924","4,970","4,668","2,521","1,343","2,717","4,130","3,707","43,904","35,955","5,751","26,192","20,429","1,409","2,279","34,827","6,451","1,655","ZIP_CODE-60637-2020"
"ZIP Code","2020","60638","57,057","13,803","7,720","8,573","7,682","8,140","6,209","2,799","2,131","3,519","5,290","4,994","53,538","43,254","7,700","27,984","29,073","30,149","310","1,959","24,154","485","ZIP_CODE-60638-2020"
"ZIP Code","2020","60639","88,515","23,270","15,119","13,086","12,292","9,829","8,491","4,421","2,007","5,868","8,876","8,523","82,647","65,245","10,149","44,344","44,171","67,494","1,232","11,718","7,144","927","ZIP_CODE-60639-2020"
"ZIP Code","2020","60640","69,726","9,088","14,076","15,316","9,444","9,428","6,077","3,264","3,033","3,227","3,498","2,348","66,499","60,638","8,860","33,739","35,987","9,836","7,808","11,682","38,178","2,222","ZIP_CODE-60640-2020"
"ZIP Code","2020","60641","70,163","15,784","11,010","11,930","10,276","8,953","6,964","3,477","1,769","4,413","6,052","5,291","65,750","54,379","7,836","36,602","33,561","37,411","3,462","1,777","25,057","2,456","ZIP_CODE-60641-2020"
"ZIP Code","2020","60642","20,191","1,810","6,738","5,997","2,572","1,371","1,089","418","196","913","521","376","19,278","18,381","1,074","9,968","10,223","3,450","1,708","1,916","12,346","771","ZIP_CODE-60642-2020"
"ZIP Code","2020","60643","48,572","11,319","6,078","5,563","5,646","7,595","6,204","3,208","2,959","2,949","3,877","4,472","45,623","37,253","8,783","26,643","21,929","1,818","207","34,282","10,549","1,716","ZIP_CODE-60643-2020"
"ZIP Code","2020","60644","45,919","11,798","7,417","5,721","5,613","5,164","5,681","2,759","1,766","3,627","4,513","3,656","42,292","34,121","6,983","24,201","21,718","4,286","148","38,773","1,840","872","ZIP_CODE-60644-2020"
"ZIP Code","2020","60645","46,924","12,164","7,302","5,971","6,731","5,465","5,086","2,485","1,720","4,059","4,407","3,685","42,865","34,760","6,366","23,331","23,593","9,083","7,214","6,711","21,736","2,180","ZIP_CODE-60645-2020"
"ZIP Code","2020","60646","29,043","6,708","3,478","3,564","4,361","3,692","3,484","2,045","1,711","1,898","2,727","2,083","27,145","22,335","5,322","15,601","13,442","4,086","2,803","179","21,289","686","ZIP_CODE-60646-2020"
"ZIP Code","2020","60647","85,658","15,040","21,614","21,752","10,871","7,195","5,272","2,445","1,469","5,618","5,127","4,267","80,040","70,618","6,254","43,046","42,612","34,024","3,394","4,039","41,547","2,654","ZIP_CODE-60647-2020"
"ZIP Code","2020","60649","47,084","10,038","7,796","7,125","5,897","5,588","5,941","3,113","1,586","3,362","3,578","3,097","43,722","37,046","7,304","26,070","21,014","1,261","164","43,514","1,487","658","ZIP_CODE-60649-2020"
"ZIP Code","2020","60651","63,679","16,789","11,532","9,323","7,695","7,482","5,852","3,147","1,859","3,808","6,802","6,170","59,871","46,890","7,801","34,149","29,530","25,440","181","33,762","3,183","1,113","ZIP_CODE-60651-2020"
"ZIP Code","2020","60652","42,296","10,768","6,875","5,147","5,950","5,941","4,444","2,077","1,094","2,596","3,904","4,267","39,700","31,528","5,100","21,753","20,543","18,354","356","18,670","4,342","574","ZIP_CODE-60652-2020"
"ZIP Code","2020","60653","33,574","8,697","5,366","4,804","3,855","3,872","3,528","2,120","1,332","2,876","3,312","2,490","30,698","24,877","4,978","19,060","14,514","1,382","468","28,717","2,097","910","ZIP_CODE-60653-2020"
"ZIP Code","2020","60654","20,812","1,228","6,074","6,593","2,215","2,398","1,481","540","283","794","391","43","20,018","19,584","1,460","9,951","10,861","1,598","2,637","775","14,977","825","ZIP_CODE-60654-2020"
"ZIP Code","2020","60655","27,771","6,878","3,741","3,312","3,624","4,216","3,540","1,595","865","1,793","2,597","2,488","25,978","20,893","3,847","14,296","13,475","2,537","376","1,587","22,424","847","ZIP_CODE-60655-2020"
"ZIP Code","2020","60656","28,982","5,445","3,827","5,520","3,516","3,713","3,646","2,147","1,168","1,969","2,102","1,374","27,013","23,537","5,233","14,086","14,896","3,587","2,796","950","20,907","742","ZIP_CODE-60656-2020"
"ZIP Code","2020","60657","70,489","8,776","24,075","16,688","6,733","5,762","4,573","2,424","1,458","3,696","3,252","1,828","66,793","61,713","5,949","33,780","36,709","5,782","4,898","2,326","54,926","2,557","ZIP_CODE-60657-2020"
"ZIP Code","2020","60659","43,843","11,916","6,839","6,603","5,566","5,244","4,704","1,947","1,024","3,668","4,272","3,967","40,175","31,927","4,945","21,932","21,911","9,085","11,517","3,594","16,904","2,743","ZIP_CODE-60659-2020"
"ZIP Code","2020","60660","45,131","5,779","11,358","8,952","5,574","5,192","4,463","2,451","1,362","2,279","2,141","1,302","42,852","39,352","5,842","22,140","22,991","7,995","6,455","6,621","22,350","1,710","ZIP_CODE-60660-2020"
"ZIP Code","2020","60661","10,734","884","3,350","3,953","1,442","658","317","73","57","592","250","42","10,142","9,850","298","5,240","5,494","894","2,977","307","6,209","347","ZIP_CODE-60661-2020"
"ZIP Code","2020","60666","0","0","0","0","0","0","0","0","0","0","0","0","0","0","0","0","0","0","0","0","0","0","ZIP_CODE-60666-2020"
"ZIP Code","2020","60707","42,434","8,937","6,383","5,901","6,070","6,218","4,672","2,687","1,566","2,145","3,731","3,061","40,289","33,497","6,507","22,350","20,084","17,614","1,404","2,812","19,880","724","ZIP_CODE-60707-2020"
"ZIP Code","2020","60827","28,327","8,579","4,770","3,536","3,472","3,357","2,952","1,178","483","2,699","3,187","2,686","25,628","19,748","3,023","15,709","12,618","1,861","2","25,362","646","456","ZIP_CODE-60827-2020"
"Citywide","2021","Chicago","2,696,561","540,255","519,276","464,574","338,452","314,035","269,647","167,261","83,061","149,430","215,061","174,812","2,547,131","2,156,306","373,166","1,387,010","1,309,551","777,744","184,263","757,971","887,130","89,453","Citywide-Chicago-2021"
"ZIP Code","2021","60601","14,804","999","5,065","3,739","1,390","970","1,515","910","216","359","436","184","14,445","13,805","1,963","8,260","6,544","1,234","3,827","908","8,124","711","ZIP_CODE-60601-2021"
"ZIP Code","2021","60602","1,142","119","163","658","67","95","33","7","0","60","59","0","1,082","1,023","24","540","602","311","101","38","537","155","ZIP_CODE-60602-2021"
"ZIP Code","2021","60603","1,275","33","399","266","81","196","191","93","16","12","11","10","1,263","1,242","224","595","680","78","397","71","723","6","ZIP_CODE-60603-2021"
"ZIP Code","2021","60604","687","6","335","122","38","74","61","33","18","0","0","6","687","681","71","421","266","30","70","72","515","0","ZIP_CODE-60604-2021"
"ZIP Code","2021","60605","32,077","2,841","9,038","8,714","3,740","3,127","2,539","1,640","438","1,196","1,174","461","30,881","29,236","3,143","16,395","15,682","2,841","4,942","4,571","18,296","1,427","ZIP_CODE-60605-2021"
"ZIP Code","2021","60606","3,298","121","790","1,202","367","478","184","156","0","75","46","0","3,223","3,177","256","1,567","1,731","179","1,087","16","1,967","49","ZIP_CODE-60606-2021"
"ZIP Code","2021","60607","29,990","3,300","11,585","7,356","3,360","1,967","1,289","624","509","1,622","1,127","515","28,368","26,690","1,594","14,801","15,189","2,743","6,690","3,717","15,534","1,306","ZIP_CODE-60607-2021"
"ZIP Code","2021","60608","83,689","15,392","19,489","16,442","10,590","9,000","7,655","3,393","1,728","3,924","6,462","4,994","79,765","68,297","8,837","36,923","46,766","39,476","11,486","14,042","16,943","1,742","ZIP_CODE-60608-2021"
"ZIP Code","2021","60609","61,861","15,202","11,900","8,011","8,603","7,565","5,743","3,821","1,016","3,888","6,090","5,212","57,973","46,659","7,772","30,963","30,898","33,408","3,924","14,573","9,140","816","ZIP_CODE-60609-2021"
"ZIP Code","2021","60610","42,422","3,817","13,841","8,534","3,536","4,139","4,285","2,945","1,325","1,287","1,292","1,231","41,135","38,605","6,390","22,094","20,328","2,109","4,019","4,967","29,571","1,756","ZIP_CODE-60610-2021"
"ZIP Code","2021","60611","34,562","2,093","8,272","6,821","3,200","4,446","4,710","3,601","1,419","1,117","590","386","33,445","32,469","7,339","18,203","16,359","2,232","7,076","1,077","23,254","923","ZIP_CODE-60611-2021"
"ZIP Code","2021","60612","33,908","7,522","6,902","6,022","4,567","3,769","3,091","1,459","576","1,967","2,924","2,368","31,941","26,386","3,386","17,922","15,986","5,119","1,535","18,516","7,703","1,035","ZIP_CODE-60612-2021"
"ZIP Code","2021","60613","53,282","6,579","14,724","13,666","5,978","5,383","3,432","2,264","1,256","2,936","2,315","1,328","50,346","46,703","4,757","26,335","26,947","6,124","4,572","3,140","37,714","1,732","ZIP_CODE-60613-2021"
"ZIP Code","2021","60614","72,119","10,625","23,433","14,255","7,267","6,302","5,659","3,127","1,451","3,396","4,108","3,078","68,723","61,494","7,001","35,674","36,445","4,411","5,148","2,734","57,602","2,224","ZIP_CODE-60614-2021"
"ZIP Code","2021","60615","41,767","6,101","11,172","6,657","4,594","4,703","4,983","2,358","1,199","1,759","2,232","2,103","40,008","35,666","5,885","22,768","18,999","2,205","3,395","22,218","11,805","2,144","ZIP_CODE-60615-2021"
"ZIP Code","2021","60616","53,085","7,072","10,961","9,848","5,886","7,332","6,280","3,176","2,530","2,257","2,503","2,285","50,828","46,013","8,695","27,548","25,537","3,988","19,773","12,330","15,582","1,412","ZIP_CODE-60616-2021"
"ZIP Code","2021","60617","84,193","21,647","13,650","10,388","10,017","10,635","8,727","5,763","3,366","5,041","7,980","8,626","79,152","62,546","13,507","46,014","38,179","33,740","171","44,794","4,880","608","ZIP_CODE-60617-2021"
"ZIP Code","2021","60618","95,078","20,763","15,721","20,655","15,333","10,280","6,732","3,849","1,745","6,673","7,628","6,390","88,405","74,315","8,176","47,846","47,232","36,407","6,077","2,417","45,911","4,266","ZIP_CODE-60618-2021"
"ZIP Code","2021","60619","63,481","13,711","8,621","8,675","7,304","9,386","8,234","4,333","3,217","3,597","5,124","4,987","59,884","49,770","11,094","35,506","27,975","1,043","168","60,173","607","1,490","ZIP_CODE-60619-2021"
"ZIP Code","2021","60620","69,357","16,375","11,103","7,892","8,218","9,119","7,917","5,087","3,646","4,566","6,255","5,554","64,791","52,982","12,580","38,240","31,117","1,937","204","65,454","774","988","ZIP_CODE-60620-2021"
"ZIP Code","2021","60621","26,538","7,066","4,325","2,919","2,744","3,611","3,047","1,585","1,241","2,069","2,730","2,257","24,469","19,472","4,039","13,937","12,601","959","144","24,499","398","538","ZIP_CODE-60621-2021"
"ZIP Code","2021","60622","54,650","7,711","14,330","17,062","6,684","3,977","2,478","1,426","982","3,549","2,446","1,701","51,101","46,939","3,568","27,177","27,473","11,270","2,605","3,189","35,064","2,522","ZIP_CODE-60622-2021"
"ZIP Code","2021","60623","77,352","20,412","14,022","11,283","9,656","8,521","6,635","4,999","1,824","5,125","8,375","6,912","72,227","56,940","9,860","39,857","37,495","51,574","263","21,992","3,002","521","ZIP_CODE-60623-2021"
"ZIP Code","2021","60624","36,986","9,901","7,066","4,505","4,707","4,350","3,824","1,591","1,042","2,668","3,727","3,498","34,318","27,085","4,110","19,078","17,908","2,859","137","32,122","1,262","606","ZIP_CODE-60624-2021"
"ZIP Code","2021","60625","80,028","15,667","14,404","17,535","11,247","9,346","6,949","3,029","1,851","4,751","5,979","4,797","75,277","64,361","8,047","40,506","39,522","25,898","10,121","3,780","37,163","3,066","ZIP_CODE-60625-2021"
"ZIP Code","2021","60632","87,395","23,015","17,076","12,882","10,088","10,607","6,700","5,277","1,750","6,159","8,628","8,227","81,236","64,380","9,802","42,553","44,842","72,204","6,020","881","7,916","374","ZIP_CODE-60632-2021"
"ZIP Code","2021","60633","12,674","2,808","2,068","1,784","1,207","2,117","1,391","792","507","696","1,193","909","11,978","9,866","1,926","6,467","6,207","5,271","10","3,295","4,039","59","ZIP_CODE-60633-2021"
"ZIP Code","2021","60634","77,520","15,738","10,821","10,920","11,140","12,006","8,785","5,645","2,465","3,661","5,869","6,201","73,859","61,782","11,458","40,219","37,301","31,680","4,147","1,919","38,741","1,033","ZIP_CODE-60634-2021"
"ZIP Code","2021","60636","30,412","6,796","4,736","3,468","3,139","3,953","3,405","3,498","1,417","2,017","2,411","2,368","28,395","23,616","6,266","15,764","14,648","4,273","49","25,213","341","536","ZIP_CODE-60636-2021"
"ZIP Code","2021","60637","49,514","11,594","12,076","5,686","5,685","5,273","5,224","2,561","1,415","2,670","4,530","4,278","46,844","37,920","6,060","27,240","22,274","1,377","2,503","36,352","7,374","1,908","ZIP_CODE-60637-2021"
"ZIP Code","2021","60638","58,959","14,291","7,806","9,061","8,027","8,239","6,491","2,894","2,150","3,653","5,613","5,025","55,306","44,668","8,057","28,947","30,012","32,605","384","1,583","23,996","391","ZIP_CODE-60638-2021"
"ZIP Code","2021","60639","89,037","23,367","14,895","13,204","12,078","9,824","8,980","4,439","2,250","5,889","8,890","8,587","83,148","65,670","10,528","45,013","44,024","66,456","1,772","11,773","8,026","1,010","ZIP_CODE-60639-2021"
"ZIP Code","2021","60640","67,936","8,275","14,058","14,701","9,720","9,101","5,610","3,493","2,978","3,011","3,162","2,087","64,925","59,661","8,976","32,418","35,518","9,246","7,216","11,301","37,673","2,500","ZIP_CODE-60640-2021"
"ZIP Code","2021","60641","71,003","16,177","10,483","12,180","10,340","9,095","7,209","3,626","1,893","4,432","6,361","5,346","66,571","54,826","8,030","36,504","34,499","38,552","3,487","1,694","25,142","2,128","ZIP_CODE-60641-2021"
"ZIP Code","2021","60642","21,374","1,884","7,010","6,681","2,697","1,258","1,258","399","187","996","503","385","20,378","19,490","1,155","10,672","10,702","3,406","1,583","2,021","13,545","819","ZIP_CODE-60642-2021"
"ZIP Code","2021","60643","49,796","11,440","6,035","5,723","6,039","7,664","6,678","3,271","2,946","2,802","4,116","4,491","46,994","38,356","8,986","26,963","22,833","1,817","292","35,528","10,557","1,602","ZIP_CODE-60643-2021"
"ZIP Code","2021","60644","47,630","12,279","7,590","5,998","6,242","5,407","5,697","3,011","1,406","3,357","5,033","3,887","44,273","35,351","6,798","25,600","22,030","4,335","303","40,264","1,811","917","ZIP_CODE-60644-2021"
"ZIP Code","2021","60645","48,585","13,057","7,196","6,388","6,782","5,537","5,457","2,663","1,505","4,211","4,918","3,918","44,374","35,528","6,744","24,038","24,547","10,050","7,216","7,263","21,537","2,519","ZIP_CODE-60645-2021"
"ZIP Code","2021","60646","29,326","7,002","3,256","3,810","4,221","3,711","3,288","2,280","1,758","2,014","2,668","2,320","27,312","22,324","5,361","15,857","13,469","4,113","3,259","198","20,895","861","ZIP_CODE-60646-2021"
"ZIP Code","2021","60647","85,564","14,620","20,816","22,494","10,556","7,690","5,404","2,522","1,462","5,488","5,247","3,860","80,076","70,944","6,319","42,804","42,760","32,028","3,596","4,961","42,071","2,908","ZIP_CODE-60647-2021"
"ZIP Code","2021","60649","48,973","10,532","7,859","7,993","5,542","5,755","6,692","2,991","1,609","3,375","4,157","3,000","45,598","38,441","7,360","26,516","22,457","1,409","294","45,258","1,394","618","ZIP_CODE-60649-2021"
"ZIP Code","2021","60651","64,638","16,307","11,658","9,381","8,423","7,136","6,552","3,379","1,802","3,826","6,323","6,152","60,812","48,331","8,123","34,297","30,341","25,519","161","34,288","3,583","1,087","ZIP_CODE-60651-2021"
"ZIP Code","2021","60652","43,485","11,059","6,951","5,594","6,664","5,503","4,559","2,048","1,107","2,282","4,342","4,434","41,203","32,426","5,265","22,212","21,273","20,528","358","18,340","3,615","644","ZIP_CODE-60652-2021"
"ZIP Code","2021","60653","34,519","8,652","5,294","4,731","4,096","4,416","3,959","2,055","1,316","2,726","3,055","2,849","31,793","25,867","5,161","20,148","14,371","1,593","440","29,390","2,172","924","ZIP_CODE-60653-2021"
"ZIP Code","2021","60654","21,859","926","7,081","6,891","2,052","2,412","1,634","615","248","484","364","78","21,375","20,933","1,672","10,783","11,076","1,835","2,671","898","15,525","930","ZIP_CODE-60654-2021"
"ZIP Code","2021","60655","28,751","7,061","3,795","3,295","4,013","4,273","3,559","1,809","946","1,619","2,945","2,497","27,132","21,690","4,197","14,472","14,279","2,691","411","1,498","23,305","846","ZIP_CODE-60655-2021"
"ZIP Code","2021","60656","28,665","5,489","3,538","5,182","3,847","3,713","3,727","2,030","1,139","1,865","2,065","1,559","26,800","23,176","5,064","13,832","14,833","3,647","3,241","1,034","20,027","716","ZIP_CODE-60656-2021"
"ZIP Code","2021","60657","72,113","9,371","23,860","17,192","7,404","5,857","4,513","2,517","1,399","4,060","3,341","1,970","68,053","62,742","5,948","34,485","37,628","6,393","4,688","2,648","55,384","3,000","ZIP_CODE-60657-2021"
"ZIP Code","2021","60659","43,729","11,751","6,546","6,087","5,544","5,914","4,722","1,941","1,224","3,394","4,027","4,320","40,335","31,978","5,117","22,259","21,470","10,484","11,678","3,678","15,716","2,173","ZIP_CODE-60659-2021"
"ZIP Code","2021","60660","44,972","5,918","10,937","9,113","5,752","4,907","4,343","2,733","1,269","2,396","2,288","1,184","42,576","39,054","6,121","22,182","22,790","7,934","6,118","6,411","22,391","2,118","ZIP_CODE-60660-2021"
"ZIP Code","2021","60661","11,073","870","3,293","4,199","1,510","726","308","109","58","529","293","48","10,544","10,203","318","5,369","5,704","910","3,177","262","6,388","336","ZIP_CODE-60661-2021"
"ZIP Code","2021","60666","0","0","0","0","0","0","0","0","0","0","0","0","0","0","0","0","0","0","0","0","0","0","ZIP_CODE-60666-2021"
"ZIP Code","2021","60707","41,309","8,672","5,879","5,966","5,835","5,481","4,876","3,055","1,545","2,030","3,558","3,084","39,279","32,637","6,874","21,941","19,368","16,839","1,491","2,796","19,405","778","ZIP_CODE-60707-2021"
"ZIP Code","2021","60827","26,010","8,279","4,338","3,268","3,208","2,792","2,673","1,039","413","2,374","3,184","2,714","23,636","17,731","2,656","14,285","11,725","1,764","3","23,328","416","499","ZIP_CODE-60827-2021"
"ZIP Code","2021","60626","50,295","8,007","11,937","8,965","6,995","6,738","4,360","2,178","1,115","2,810","2,977","2,165","47,485","42,288","5,098","25,318","24,977","9,694","2,724","12,646","23,029","2,202","ZIP_CODE-60626-2021"
"ZIP Code","2021","60628","64,489","13,734","11,638","7,491","7,593","9,066","6,930","4,860","3,177","3,557","5,498","4,657","60,932","50,755","10,940","34,961","29,528","2,775","79","59,168","1,462","1,005","ZIP_CODE-60628-2021"
"ZIP Code","2021","60629","107,487","29,283","20,690","13,227","14,954","11,096","8,187","7,688","2,362","8,267","10,786","10,229","99,220","78,204","13,746","53,753","53,734","79,111","595","18,878","7,650","1,253","ZIP_CODE-60629-2021"
"ZIP Code","2021","60630","55,591","11,093","7,053","8,926","7,337","7,479","7,975","3,605","2,123","3,238","4,359","3,490","52,353","44,498","9,658","27,787","27,804","14,180","7,122","1,007","31,325","1,957","ZIP_CODE-60630-2021"
"ZIP Code","2021","60631","30,589","6,925","3,308","4,357","3,813","4,657","3,686","1,846","1,997","2,342","2,663","1,920","28,247","23,664","5,546","15,516","15,073","4,491","1,262","307","23,360","1,169","ZIP_CODE-60631-2021"
